views,video_age,title,url,upload_date(estimate)
49000,58 minutes ago,When a Killer Vlogs His Murders,https://www.youtube.com/watch?v=-vorUEpbHNU,2023-11-24
34000000,5 days ago,When Evil Teens Think Murder is Hilarious,https://www.youtube.com/watch?v=KC0GtU_Dtdo,2023-11-20
38000000,3 weeks ago,The Disturbing Case of Daniel Marsh,https://www.youtube.com/watch?v=Fwvm3pQCJlg,2023-11-04
28000000,3 weeks ago,The Disturbing Case of Ethan Windom,https://www.youtube.com/watch?v=nInpsReK8Sk,2023-11-04
24000000,1 month ago,Killer LAUGHS About Mugshot After Murdering Ex,https://www.youtube.com/watch?v=OTE59yYMm0Q,2023-10-26
57000000,1 month ago,Dad Is SICKENED By Killer Son's Confession,https://www.youtube.com/watch?v=M1Hhy9bR6WE,2023-10-26
89000000,1 month ago,Victim Burnt Alive Survives Long Enough to Solve Her Own Murder,https://www.youtube.com/watch?v=jl16HH-PVLc,2023-10-26
32000000,2 months ago,The Disturbing Case of Sonny Kim,https://www.youtube.com/watch?v=cFBslqiCPIw,2023-09-26
52000000,2 months ago,14 Year Old Killer Thinks He's Going Home,https://www.youtube.com/watch?v=sBZpcEQJT6A,2023-09-26
31000000,2 months ago,Sister Loses It After Discovering Her Brother's Darkest Secret,https://www.youtube.com/watch?v=CPIz8bnx7uk,2023-09-26
45000000,3 months ago,Killer Realizes Every Shocking Word Was Recorded,https://www.youtube.com/watch?v=ZuTV4r9bVHk,2023-08-27
10000000,3 months ago,When An Insane Teen Killer Makes Detectives Snap,https://www.youtube.com/watch?v=idZ6AwE5oaE,2023-08-27
12000000,4 months ago,Husband Loses It After Discovering Why His Wife Disappeared,https://www.youtube.com/watch?v=Job-3HzVJYQ,2023-07-28
34000000,4 months ago,Brother Outsmarts His Sister's Killer in the Most Unexpected Way,https://www.youtube.com/watch?v=B_e6Rsfu8Sk,2023-07-28
98000000,5 months ago,Babysitter Laughs After Killing Baby & Taking Lifeless Body to McDonald's,https://www.youtube.com/watch?v=cIaj123_PaE,2023-06-28
47000000,5 months ago,Realizing She Spent The Weekend With A Killer & 2 Bodies,https://www.youtube.com/watch?v=q-d3XvG28zU,2023-06-28
58000000,6 months ago,When An Evil Mother Realizes She's Been Caught,https://www.youtube.com/watch?v=XYs1xxotmmQ,2023-05-29
71000000,6 months ago,Predator Realizes He's Going To Prison For Life,https://www.youtube.com/watch?v=YBBTfy29WKI,2023-05-29
79000000,7 months ago,When A Killer Realizes His Victim Tricked Him,https://www.youtube.com/watch?v=x4_j-PofxaI,2023-04-29
28000000,7 months ago,When the Detective Does the Unthinkable,https://www.youtube.com/watch?v=p8_QVKgdz3A,2023-04-29
88000000,7 months ago,When A Killer Doesn't Realize He's Being Filmed,https://www.youtube.com/watch?v=ReP0y0GNE9E,2023-04-29
6000000,7 months ago,When Police Unexpectedly Film The Killer At The Crime Scene,https://www.youtube.com/watch?v=Y6yB_nCbwGA,2023-04-29
84000000,7 months ago,Detective Realizes The Victim Is Actually The Killer,https://www.youtube.com/watch?v=YDoZVqlMdrA,2023-04-29
48000000,8 months ago,Wife Is SICKENED After Discovering Husband‚Äôs Double Life,https://www.youtube.com/watch?v=VmJb6kAh04A,2023-03-30
7000000,8 months ago,13 Year Olds Murder Grandma For $155,https://www.youtube.com/watch?v=mxJeFECCfFA,2023-03-30
37000000,9 months ago,They Don't Think Killing Their Daughter Was Wrong,https://www.youtube.com/watch?v=TSFcsvEQDCQ,2023-02-28
7000000,9 months ago,When Evil Teens Realize They've Been Caught,https://www.youtube.com/watch?v=bRd9NABkq2o,2023-02-28
44000000,9 months ago,Moments Before A Killer Snaps,https://www.youtube.com/watch?v=jk5Nxc-0ZTc,2023-02-28
6000000,9 months ago,Doctors Are SICKENED By What She Did To Toddler,https://www.youtube.com/watch?v=J8PXTUUEwU4,2023-02-28
93000000,9 months ago,Teen Killer Shocks Detectives By The Way He Speaks,https://www.youtube.com/watch?v=OoWSWlAX6Sk,2023-02-28
75000000,10 months ago,Genius Cops Flatter Psychopath Into Confessing,https://www.youtube.com/watch?v=CfDZHhsby3s,2023-01-29
87000000,10 months ago,When A Killer Thinks He's A Genius (but he's an idiot),https://www.youtube.com/watch?v=ufDLMeNT8Yw,2023-01-29
47000000,10 months ago,Thrill Killer Thinks He Got Away With It,https://www.youtube.com/watch?v=k4VHOmEJDTg,2023-01-29
71000000,10 months ago,16 Pounds At 5 Years Old: The Sickening Case of Cali Anderson,https://www.youtube.com/watch?v=aFUcRn00sPc,2023-01-29
94000000,11 months ago,The Horror Inside the Hollowed Tree,https://www.youtube.com/watch?v=AEcCyFHNv2A,2022-12-30
68000000,11 months ago,Moments Before A Killer Does The Unthinkable,https://www.youtube.com/watch?v=rFIBLuxMw-8,2022-12-30
23000000,1 year ago,When Teen Killers Realize They've Been Caught,https://www.youtube.com/watch?v=xrCmFutB1Uc,2022-11-25
72000000,1 year ago,The Mass Killer Who Murdered Over My Little Pony,https://www.youtube.com/watch?v=n-abxgFv1bU,2022-11-25
81000000,1 year ago,A Husband's House of Horrors,https://www.youtube.com/watch?v=A01e2gr8wBU,2022-11-25
64000000,1 year ago,Everyone Around Him Mysteriously Drops Dead,https://www.youtube.com/watch?v=v8HD2NNhBjs,2022-11-25
54000000,1 year ago,Heartbroken Grandma Embraces Teen's Killer,https://www.youtube.com/watch?v=IZTRNp715Mo,2022-11-25
4000000,1 year ago,When A Crazy Girlfriend Finally Snaps,https://www.youtube.com/watch?v=S7zSa5VAu7Q,2022-11-25
77000000,1 year ago,The Most Twisted Interrogation You'll Ever See,https://www.youtube.com/watch?v=eEHTB7ZVFm8,2022-11-25
83000000,1 year ago,Detective Realizes Killer Is Hiding The Unthinkable,https://www.youtube.com/watch?v=F1oeZe6SET4,2022-11-25
82000000,1 year ago,Killer Realizes He's Finally Been Caught Years Later,https://www.youtube.com/watch?v=Zrsb0nJzX2w,2022-11-25
44000000,1 year ago,The Horrifying Crimes of Brian Golsby,https://www.youtube.com/watch?v=0Vd4smyVWyo,2022-11-25
52000000,1 year ago,Mitchelle Blair's House of Horrors,https://www.youtube.com/watch?v=Qow9ZFMyxMo,2022-11-25
30000000,1 year ago,What A 15 Year Old Mass Killer Looks Like,https://www.youtube.com/watch?v=MtNASztI83c,2022-11-25
14000000,1 year ago,When A Killer Doesn't Realize He's Being Recorded,https://www.youtube.com/watch?v=VIJScR3B2ws,2022-11-25
11000000,1 year ago,What A Psychopath Looks Like | Educational Documentary,https://www.youtube.com/watch?v=25wC533f7dQ,2022-11-25
25000000,1 year ago,The Craziest Interrogation You'll Ever See,https://www.youtube.com/watch?v=B2WVEla34Tk,2022-11-25
3000000,1 year ago,Cops Are SICKENED By What She Did To Baby,https://www.youtube.com/watch?v=lx2zd0-WdAc,2022-11-25
20000000,1 year ago,The Most Shocking Interrogation You've Ever Seen: Markeith Loyd | Documentary,https://www.youtube.com/watch?v=781YkcgBnC4,2022-11-25
13000000,1 year ago,A 16 Year Old Killer's Video Diary | Documentary,https://www.youtube.com/watch?v=U9AK4LI40KM,2022-11-25
11000000,1 year ago,When A Teen Killer Realizes She's Been Caught,https://www.youtube.com/watch?v=42tV6oM48NQ,2022-11-25
25000000,2 years ago,The Disturbing Case of the House of Horrors Killer | Documentary,https://www.youtube.com/watch?v=ymcNhAgO7Pw,2021-11-25
10000000,2 years ago,Detective Realizes The 12 Year Old Suspect Is Insane,https://www.youtube.com/watch?v=0eVTk_2zcaA,2021-11-25
20000000,2 years ago,The Disturbing Case of the Scream Killers,https://www.youtube.com/watch?v=u432T_cDgQs,2021-11-25
19000000,2 years ago,The Disturbing Case of the Amazon Review Killer,https://www.youtube.com/watch?v=4GL8gk3b2L8,2021-11-25
31000000,2 years ago,Last Photos With Disturbing Backstories,https://www.youtube.com/watch?v=jlsX6gKINbc,2021-11-25
61000000,2 years ago,These Boys Went Through Hell: The Dozier School of Horrors,https://www.youtube.com/watch?v=ACj0phcl-SM,2021-11-25
1000000,2 years ago,Brothers Turned Mass Killers: The Horrifying Solved Case of the Carr Brothers,https://www.youtube.com/watch?v=vTFM-23neU4,2021-11-25
12000000,2 years ago,YouTuber Turned Mass Murderer: The Insane Case of Randy Stair,https://www.youtube.com/watch?v=qANNJP2DG8g,2021-11-25
23000000,2 years ago,When The Detective Realizes The Suspect Is Dying,https://www.youtube.com/watch?v=_c_lmx4LdNw,2021-11-25
3000000,2 years ago,Normal Looking Photos With Disturbing Backstories,https://www.youtube.com/watch?v=UyW4zSBGulY,2021-11-25
446000,2 years ago,The Dead Body in the Bed: The Heartbreaking Case of Paulette Gebara Farah,https://www.youtube.com/watch?v=03607FPpkc4,2021-11-25
2000000,2 years ago,Solved Cases With The Most INSANE Twists You've Ever Heard,https://www.youtube.com/watch?v=ncBJ18casJ0,2021-11-25
62000000,2 years ago,The Teens Who Tortured Their Friend To Death,https://www.youtube.com/watch?v=VEsKHjWpO4Y,2021-11-25
14000000,2 years ago,Cases With The Most INSANE Twists You've Ever Heard,https://www.youtube.com/watch?v=z5OxoGaFAGI,2021-11-25
709000,2 years ago,A Man's Bizarre Explanation For Killing His Best Friend,https://www.youtube.com/watch?v=8aDasoXQZWE,2021-11-25
995000,2 years ago,This Horrifying Photo Holds Clues to a Missing Persons Case,https://www.youtube.com/watch?v=7bmRFDEnbdw,2021-11-25
843000,2 years ago,Snapchat Footage Taken By Murdered Girls Reveals CHILLING Clues,https://www.youtube.com/watch?v=msv-_ZMoFaE,2021-11-25
718000,2 years ago,He Hunted His Victims Down To Turn Them Into Smoothies: The Dark Case of Richard Chase,https://www.youtube.com/watch?v=35wnWcH5xiA,2021-11-25
724000,2 years ago,The Case of the Tinder Killer,https://www.youtube.com/watch?v=JoAYVdc-xuo,2021-11-25
16000000,2 years ago,YouTuber Turned Family Annihilator: The Insane Case of Trey Sesler,https://www.youtube.com/watch?v=fMwF1KZZeuQ,2021-11-25
908000,2 years ago,A Case Almost Too Gruesome To Mention: Mary Vincent,https://www.youtube.com/watch?v=tK3UrK4frCk,2021-11-25
341000,2 years ago,The Disturbing STORY of Tatiana Dugger: Missing Girl Found Dead By Hikers | True Crime & Murder News,https://www.youtube.com/watch?v=klwugWDZxoU,2021-11-25
292000,2 years ago,The Disturbing STORY of Sarah Everard: Missing Girl Caught On CCTV Before Murder | True Crime News,https://www.youtube.com/watch?v=cpzDNTdAiaY,2021-11-25
1000000,2 years ago,Home Intruder Attacks the WRONG Family: Kids Take Him DOWN ‚Ä¢ 3 Stories of Hero Kids,https://www.youtube.com/watch?v=QLivB6LztYc,2021-11-25
341000,2 years ago,"Father Murdered, Teen Daughter & Boyfriend Arrested",https://www.youtube.com/watch?v=Mz5SvJemzc0,2021-11-25
54000000,2 years ago,INCEST MURDERS: The Most HORRIFIC Story You've EVER Heard ‚Ä¢ EWU Story Time & Crime Documentary,https://www.youtube.com/watch?v=Yz0ft0YhNHU,2021-11-25
757000,2 years ago,Top 3 Most TERRIFYING Animal Horror Stories *MATURE AUDIENCES ONLY*,https://www.youtube.com/watch?v=NcNu6NVK_Io,2021-11-25
25000000,2 years ago,A Case Almost Too Disturbing To Mention: Elizabeth Olten,https://www.youtube.com/watch?v=ep1O08eTcZw,2021-11-25
19000000,2 years ago,Cases With The Most INSANE Twists You've Ever Heard,https://www.youtube.com/watch?v=oYYRt7e0Z3o,2021-11-25
14000000,2 years ago,Solved Disappearances With The Most INSANE Twists You've Ever Heard,https://www.youtube.com/watch?v=edRExss_mGw,2021-11-25
12000000,2 years ago,A Case Almost Too Chilling To Mention: Hang Lee,https://www.youtube.com/watch?v=C0HI7jN8jm8,2021-11-25
14000000,2 years ago,A Case Almost Too Terrifying To Mention: Cassie Jo Stoddart,https://www.youtube.com/watch?v=fod9gWq_QYQ,2021-11-25
743000,2 years ago,The Most Chilling Story You've NEVER Heard Of: Wilma June Nissen,https://www.youtube.com/watch?v=BYe7xUgbrvs,2021-11-25
815000,2 years ago,The DISTURBING Case Of Ivan Milat the Backpack Killer,https://www.youtube.com/watch?v=VrPFoW1W-fg,2021-11-25
948000,2 years ago,A Case Almost Too Heartbreaking To Mention: Jennifer Martin,https://www.youtube.com/watch?v=HzaBdr-vx_w,2021-11-25
836000,2 years ago,Top 4 Scary CCTV Videos With Disturbing Stories,https://www.youtube.com/watch?v=8lE9BINb2CA,2021-11-25
789000,2 years ago,The Story of the Deadliest Cult in History,https://www.youtube.com/watch?v=tr6A56-1Ve0,2021-11-25
276000,2 years ago,The Story of the Deadliest Spree Killers in Ukrainian History,https://www.youtube.com/watch?v=hazEHW-3Ku8,2021-11-25
208000,2 years ago,Audio Clips With Disturbing Backstories,https://www.youtube.com/watch?v=xqSbQi8kK9A,2021-11-25
885000,2 years ago,The Deadliest Serial Killer of the Wild West,https://www.youtube.com/watch?v=Wwh-G5P7o0Q,2021-11-25
837000,2 years ago,She FED THEM To Her CUSTOMERS: The Disturbing Case of Serial Killer Leonarda Cianciulli,https://www.youtube.com/watch?v=AGzFifJIr-w,2021-11-25
572000,2 years ago,Top 3 Stories of People Who Solved Their Own Murders,https://www.youtube.com/watch?v=CbWQBNvk574,2021-11-25
699000,2 years ago,A Case Almost Too Tragic To Mention: The Zanesville Massacre,https://www.youtube.com/watch?v=4AtWvnB0hIE,2021-11-25
49000000,2 years ago,Family Who Disappeared Found Trapped Inside Secret Room Locked For 9 Years,https://www.youtube.com/watch?v=KECHTe9QsPw,2021-11-25
619000,2 years ago,The Most Disturbing Story You've NEVER Heard Of: Julia Niswender ‚Ä¢ Part 3,https://www.youtube.com/watch?v=8Y1LFp6kTP8,2021-11-25
21000000,2 years ago,A Case Almost Too Gruesome To Mention: Christa Pike,https://www.youtube.com/watch?v=dq4A8V9yMoY,2021-11-25
802000,2 years ago,Man Arrested For The Murder Of 7 Of His Own Children But Then The Babysitter Made A Statement,https://www.youtube.com/watch?v=08p82E8GMMg,2021-11-25
774000,2 years ago,The Bizarre Case of the Death Party,https://www.youtube.com/watch?v=KEzGIV6nD_E,2021-11-25
11000000,2 years ago,"Boys Mysteriously Vanish, Then A Security Camera Reveals CHILLING Clues: Missing Persons Documentary",https://www.youtube.com/watch?v=Bc9F6vITvWI,2021-11-25
220000,2 years ago,Man Reveals Area 51 Secrets The Government Won't Show You | Area 51 Documentary,https://www.youtube.com/watch?v=WfqWRLJGAco,2021-11-25
11000000,2 years ago,The Most Disturbing Story You've NEVER Heard Of: Julia Niswender ‚Ä¢ Part 2,https://www.youtube.com/watch?v=9fThMzGsIbs,2021-11-25
854000,2 years ago,The World's Most Evil Children: KIDS WHO'VE KILLED | True Crime & Murder Documentary,https://www.youtube.com/watch?v=ZsdJTIWN5H4,2021-11-25
16000000,2 years ago,The Most Disturbing Story You've NEVER Heard Of: Julia Niswender ‚Ä¢ Part 1,https://www.youtube.com/watch?v=jo6MpNfrBHg,2021-11-25
809000,2 years ago,Top 3 Scary CCTV Videos With Disturbing Stories,https://www.youtube.com/watch?v=JF7sQ7mQchY,2021-11-25
811000,2 years ago,A Case Almost Too Gruesome To Mention: The Little Falls Killings,https://www.youtube.com/watch?v=1VbYyHXKbJ0,2021-11-25
11000000,2 years ago,Man Trespasses Into Uncontacted Tribe's Territory & THIS Is How They Reacted | Documentary,https://www.youtube.com/watch?v=j0l0lhzR6hs,2021-11-25
925000,2 years ago,There's Something Odd With Claire,https://www.youtube.com/watch?v=6PXUVmLc7eY,2021-11-25
18000000,2 years ago,The World's YOUNGEST Serial Killers,https://www.youtube.com/watch?v=Mz1y1FZfpHY,2021-11-25
269000,2 years ago,The Gruesome Case of Butch Bowyer,https://www.youtube.com/watch?v=wc8Erv_judE,2021-11-25
896000,2 years ago,Have You Ever Heard Of This True Crime Story?,https://www.youtube.com/watch?v=iGEnyKxmnl0,2021-11-25
352000,2 years ago,"She Vanished For 2 Weeks, Then They Looked In A Storage Container: 3 Solved Missing Persons Cases",https://www.youtube.com/watch?v=D5j3ukZwK7g,2021-11-25
2000000,2 years ago,He let his victims loose & HUNTED them in a SICK game *MATURE AUDIENCES ONLY*,https://www.youtube.com/watch?v=yKRR1xPkSfw,2021-11-25
23000000,2 years ago,Chimp Goes Absolutely BALLISTIC After Being Given Xanax: Travis the Chimp,https://www.youtube.com/watch?v=HriBqgx9ZPU,2021-11-25
31000000,2 years ago,Cases With The Most INSANE Twists You've Ever Heard,https://www.youtube.com/watch?v=YiozW_zhbyI,2021-11-25
267000,2 years ago,UPDATE: CCTV Footage of Missing Woman Reveals Chilling Mystery: PRISMA REYES | Crime Documentary,https://www.youtube.com/watch?v=dCmibzVIVlU,2021-11-25
12000000,2 years ago,"She Vanished For 18 Years, Then Reappeared In The Most Unexpected Way: True Crime Documentary",https://www.youtube.com/watch?v=LGlnx-vuuUo,2021-11-25
338000,2 years ago,Top 3 Murders Solved In 2021 | PART 2,https://www.youtube.com/watch?v=PQe8TQSG7y8,2021-11-25
1000000,2 years ago,The Deadliest Serial Killers of the Old West,https://www.youtube.com/watch?v=cm-KBNM3dVI,2021-11-25
446000,2 years ago,Top 3 Murders Solved In 2021 | PART 1,https://www.youtube.com/watch?v=sgVywvM7E-w,2021-11-25
644000,2 years ago,The HORRIFYING Case Of Serial Killer Ed Kemper | Coed Killer,https://www.youtube.com/watch?v=muUCeV6mHQE,2021-11-25
17000000,2 years ago,Disturbing Horrors Behind Shirley Temple That'll RUIN Your Childhood,https://www.youtube.com/watch?v=Ns0roXRFluU,2021-11-25
28000000,2 years ago,Solved Cases With The Most INSANE Twists You've Ever Heard,https://www.youtube.com/watch?v=4ODWihfxAgM,2021-11-25
12000000,2 years ago,The Most Chilling Story You've NEVER Heard Of: Khayman Welch,https://www.youtube.com/watch?v=ld8MkD4Tko0,2021-11-25
44000000,2 years ago,Man Sneaks Onto Restricted Island to Visit Uncontacted Tribe: His Story is BIZARRE,https://www.youtube.com/watch?v=bSdnKu1k8Qg,2021-11-25
857000,2 years ago,The DISTURBING Case Of The Sheats Family Murders | True Crime & Murder Documentary,https://www.youtube.com/watch?v=V_q8618UbfU,2021-11-25
31000000,2 years ago,5 Cases That Were Solved Decades Later,https://www.youtube.com/watch?v=-GOxO3d3IAk,2021-11-25
56000000,2 years ago,Cases With The Most INSANE Twists You've Ever Heard,https://www.youtube.com/watch?v=UNi0dvB-4L0,2021-11-25
15000000,2 years ago,5 Cases That Were Solved Decades Later,https://www.youtube.com/watch?v=GqKQPMpIOxg,2021-11-25
15000000,2 years ago,What Netflix DIDN'T Tell You About the Night Stalker: RICHARD RAMIREZ | True Crime Documentary,https://www.youtube.com/watch?v=D4k_K6ySKlM,2021-11-25
184000,2 years ago,"The Tragic Life of the REAL ""Beast"" in Beauty and the Beast",https://www.youtube.com/watch?v=GuegOIukGzQ,2021-11-25
224000,2 years ago,The TRUE Story Behind the REAL Amityville Horror | Solved True Crime Documentary,https://www.youtube.com/watch?v=KLKmkncus38,2021-11-25
19000000,2 years ago,CCTV Footage of Missing Woman Reveals Chilling Mystery: PRISMA REYES | True Crime Documentary,https://www.youtube.com/watch?v=POo8C3UO92I,2021-11-25
168000,2 years ago,This Haunted Doll Will KILL You: The Origins of Annabelle in the Conjuring Universe,https://www.youtube.com/watch?v=YQBiyk2muj8,2021-11-25
85000,2 years ago,Weirdest Stories From Around the World: Mike the Headless Chicken | Part 1,https://www.youtube.com/watch?v=DCTesRrM_o0,2021-11-25
343000,2 years ago,The Disturbing Origins of Charles Manson: True Crime Documentary,https://www.youtube.com/watch?v=hY9S6tGZfpk,2021-11-25
161000,2 years ago,The True Story Behind Peter Pan Will DESTROY Your Childhood,https://www.youtube.com/watch?v=Y6WmiUhWh74,2021-11-25
31000000,2 years ago,Man Sneaks In & Survives A WEEK Inside Area 51: His Story Is UNBELIEVABLE! Area 51 Documentary,https://www.youtube.com/watch?v=jPpBtCfbn-c,2021-11-25
43000000,2 years ago,"Hikers Find Dead Body In Tent, Revealing Chilling Mystery: The Solved Case of Mostly Harmless",https://www.youtube.com/watch?v=QISwNN1k-_w,2021-11-25
21000000,2 years ago,The Day 26 Students Vanished & Were Found Buried Alive: Chowchilla Kidnapping | Crime Documentary,https://www.youtube.com/watch?v=hcy3W3xMIKA,2021-11-25
18000000,2 years ago,The Horror of Chernobyl: Documentary,https://www.youtube.com/watch?v=Tt7wk1jCMjE,2021-11-25
16000000,2 years ago,The TRUE Story Behind the REAL Conjuring House | The Conjuring Documentary,https://www.youtube.com/watch?v=0Vwqk2j7MZs,2021-11-25
23000000,2 years ago,Disturbing Horrors Behind The Wizard of Oz That'll RUIN Your Childhood ‚Ä¢ EWU Story Time,https://www.youtube.com/watch?v=XTO0mreb8wk,2021-11-25
19000000,2 years ago,The DISTURBING True Story Behind TEXAS CHAINSAW MASSACRE | True Crime Documentary,https://www.youtube.com/watch?v=HodXDjyAy4A,2021-11-25
1000000,2 years ago,Disturbing Horrors Behind Alice in Wonderland That'll RUIN Your Childhood ‚Ä¢ EWU Story Time,https://www.youtube.com/watch?v=-HcdV-ebFng,2021-11-25
27000000,2 years ago,The Best Friends Who Became SERIAL KILLERS | True Crime Documentary,https://www.youtube.com/watch?v=9eZYdKdBiDc,2021-11-25
47000000,2 years ago,SOLVED Cold Case With A SHOCKING Twist: True Crime Documentary & Solved Missing Persons Case,https://www.youtube.com/watch?v=G8h02wvj4Rw,2021-11-25
1000000,2 years ago,"She Vanished For 2 Days, Then They Looked In Her Bathroom: JULIA NISWENDER | True Crime Documentary",https://www.youtube.com/watch?v=7Xt01dYAlng,2021-11-25
405000,2 years ago,Is This Missing Persons Case Actually A SCAM? The Case of Holly Courtier | True Crime Documentary,https://www.youtube.com/watch?v=d2_N3z_qtp8,2021-11-25
12000000,2 years ago,"Woman Mysteriously Dies, Then CCTV Footage Reveals CHILLING Clues: DEATH ISLAND | Documentary",https://www.youtube.com/watch?v=238iw1zU4q8,2021-11-25
13000000,2 years ago,CCTV Footage Reveals Twisted Love Triangle Gone Horribly Wrong | True Crime Documentary,https://www.youtube.com/watch?v=3GnOY7U2ppc,2021-11-25
406000,2 years ago,The BIZARRE Mystery You've NEVER Heard Of: THE NEVADA TRIANGLE,https://www.youtube.com/watch?v=xkgWbIkMItQ,2021-11-25
505000,2 years ago,Why You Should Be TERRIFIED For Ariana Grande,https://www.youtube.com/watch?v=uf13AqiRAJk,2021-11-25
918000,2 years ago,Found Footage Reveals Chilling Moments Before Murder | Solved True Crime Documentary,https://www.youtube.com/watch?v=xAyQLdBi8bI,2021-11-25
36000000,2 years ago,The Most Chilling Story You've NEVER Heard Of: Michael Madden,https://www.youtube.com/watch?v=ETOLsDYNUMI,2021-11-25
27000000,3 years ago,A Case Almost Too Twisted To Mention: Tyler Stice,https://www.youtube.com/watch?v=ImI1MaeUp_E,2020-11-25
17000000,3 years ago,Unexplained Disappearances With Unexpected Twists: Unsolved Mystery Stories | Crime Documentary,https://www.youtube.com/watch?v=UUi97CJDPXg,2020-11-25
301000,3 years ago,The Disturbing Case Of Isabella Guzman | TikTok Made Her Famous For Killing Her Mother,https://www.youtube.com/watch?v=z2ns5dFYycA,2020-11-25
24000000,3 years ago,Woman Missing For Years Found Alive Floating At Sea: ANGELICA GAITAN | DOCUMENTARY,https://www.youtube.com/watch?v=shT9UvXDRZ8,2020-11-25
13000000,3 years ago,Solved Missing Persons Case With An Unexpected Twist: RACHEL BARBER | Solved True Crime Documentary,https://www.youtube.com/watch?v=KbOXlLZZzOU,2020-11-25
16000000,3 years ago,Wilderness Disappearances With Unexpected Twists: Unsolved Missing Persons Cases & True Stories,https://www.youtube.com/watch?v=PuU7lEFbXoc,2020-11-25
2000000,3 years ago,How Creepy CCTV Footage Solved A Murder: 5 Solved Murders & True Crime Stories | Crime Documentary,https://www.youtube.com/watch?v=SRe1Q4LXDKo,2020-11-25
17000000,3 years ago,Why You Should NEVER Trust A New Boyfriend: The Story of Stephanie Parze | True Crime Documentary,https://www.youtube.com/watch?v=n540dIIsG7U,2020-11-25
592000,3 years ago,How A Coffee Cup SOLVED A 47-Year-Old Murder: 5 Cold Cases Solved DECADES Later | True Crime Stories,https://www.youtube.com/watch?v=q1FH6iBXCtg,2020-11-25
2000000,3 years ago,Why You Should NEVER Travel Alone: 5 True Horror Stories | True Scary Travel Stories & Crime Cases,https://www.youtube.com/watch?v=qG7LmfbAIQE,2020-11-25
17000000,3 years ago,CCTV Footage Reveals Missing Girl's Final Bizarre Moments Before Vanishing | Missing Persons Case,https://www.youtube.com/watch?v=imahSsIvGE0,2020-11-25
406000,3 years ago,"Their Hotel Room REEKED, Then They Looked Under The Bed: 5 True Hotel Horror Stories",https://www.youtube.com/watch?v=8V6yC8hez6s,2020-11-25
13000000,3 years ago,Camera Found in the Woods Reveals A Missing Person's Final Moments Before Vanishing Forever,https://www.youtube.com/watch?v=P8xbukdpkoM,2020-11-25
15000000,3 years ago,Solved Disappearances With Unexpected Twists: Solved Missing Persons Cases & True Crime Stories,https://www.youtube.com/watch?v=p38Pj0p1XsU,2020-11-25
322000,3 years ago,Audio Recordings Reveal the SHOCKING Last Moments of Bored Man Who Stole a PLANE: Documentary,https://www.youtube.com/watch?v=SbcKh9q5mqc,2020-11-25
12000000,3 years ago,The Camera of 9 Dead Hikers Reveals Chilling Mystery That Can't Be Explained: Dyatlov Pass Incident,https://www.youtube.com/watch?v=VMHL2u5NRVc,2020-11-25
666000,3 years ago,How A Boeing 727 Airliner Was Stolen & Has Never Been Found,https://www.youtube.com/watch?v=7Ab30lBgSgs,2020-11-25
224000,3 years ago,The Final Phone Call of Missing Girl Reveals Killer's Voice: The Disturbing Case of Amber Tuccaro,https://www.youtube.com/watch?v=v2llyZYSIGs,2020-11-25
717000,3 years ago,5 Cold Cases Solved DECADES Later: True Crime Mysteries Finally Solved,https://www.youtube.com/watch?v=Zk2etLOTx-g,2020-11-25
417000,3 years ago,Wilderness Disappearances With Unexplainable Twists: Unsolved Mysteries & Missing Persons Cases,https://www.youtube.com/watch?v=qVdmoPDavhM,2020-11-25
665000,3 years ago,"Hikers Find Something UNEXPECTED, Revealing Disturbing Mystery | True Crime Documentary",https://www.youtube.com/watch?v=c6LoKXIAzLI,2020-11-25
843000,3 years ago,3 Route 66 Mysteries That Were Finally Solved: Cold Cases & Missing Persons Cases Solved Years Later,https://www.youtube.com/watch?v=nTU8lPpmiW8,2020-11-25
23000000,3 years ago,The Most Disturbing Story You've NEVER Heard Of: TAYLOR MCALLISTER | True Crime Case & Mystery,https://www.youtube.com/watch?v=Oo49hnfNhrE,2020-11-25
903000,3 years ago,Man's Final Phone Call Before Vanishing Reveals Disturbing Mystery: Unsolved Missing Persons Case,https://www.youtube.com/watch?v=sgLvgbCOCdg,2020-11-25
28000000,3 years ago,The Most Disturbing Story You've NEVER Heard Of: JEREMIAH BEAN | Solved True Crime Documentary,https://www.youtube.com/watch?v=q8qtAQOeL7I,2020-11-25
487000,3 years ago,The Creepiest Story You've NEVER Heard Of: MARY BOBO SHINN,https://www.youtube.com/watch?v=2MDP1UQbEAY,2020-11-25
498000,3 years ago,Why You Should NEVER Trust Your Best Friend: 3 Disturbing True Crime Stories,https://www.youtube.com/watch?v=Wt1dkueFzM8,2020-11-25
525000,3 years ago,She Vanished For 2 Days & Then They Discovered Something Disturbing: 5 Strangest Cold Cases,https://www.youtube.com/watch?v=bpKzmcUBhFk,2020-11-25
217000,3 years ago,5 Cold Cases Solved Years Later | True Crime Documentary,https://www.youtube.com/watch?v=bYyymzIOZuc,2020-11-25
383000,3 years ago,The Case of Alissa Turney: Shocking New Update Revealed | True Crime Story & Missing Persons Case,https://www.youtube.com/watch?v=FWrfK4JUvuA,2020-11-25
12000000,3 years ago,Why You Should NEVER Trust Your Best Friend: The Shocking Solved Case of Skylar Neese | True Crime,https://www.youtube.com/watch?v=YKdaM_yFK7Q,2020-11-25
2000000,3 years ago,5 Cold Cases Solved In 2020,https://www.youtube.com/watch?v=npWnHAbkfAU,2020-11-25
457000,3 years ago,5 Decades-Old Cold Cases Finally Solved,https://www.youtube.com/watch?v=_AiQrDVjITk,2020-11-25
15000000,3 years ago,She Vanished For 9 Days & Then They Looked In Her Bed: 3 Solved Missing Persons Cases,https://www.youtube.com/watch?v=YpHfmCqYTYM,2020-11-25
219000,3 years ago,3 Cold Cases Solved YEARS Later: True Stories of Solved Missing Persons Cases,https://www.youtube.com/watch?v=qIYgNONWVR4,2020-11-25
819000,3 years ago,Maximum Claustrophobia: The Man Trapped In A Cave Forever,https://www.youtube.com/watch?v=gzofbFdwPHY,2020-11-25
13000000,3 years ago,SOLVED: Missing People Found in Secret Rooms | Solved Disappearances & Missing Persons Cases,https://www.youtube.com/watch?v=TZus_m5Umj8,2020-11-25
170000,3 years ago,Something Horrific Happened Here | Keddie Cabin: 39 Years After the Murders | True Crime Documentary,https://www.youtube.com/watch?v=vlN32fmYdkM,2020-11-25
54000000,3 years ago,The Camera of Two Missing Girls Reveals Chilling Photos That Can't Be Explained | True Scary Stories,https://www.youtube.com/watch?v=6of8b79oAFg,2020-11-25
2000000,3 years ago,"She Vanished For 12 Days, Then Sister Looks Behind The Bookcase: 5 Solved Missing Persons Cases",https://www.youtube.com/watch?v=oAon2xl4KqU,2020-11-25
280000,3 years ago,The Disturbing Case of Lauren Giddings: Shocking Solved True Crime Story & Missing Persons Case,https://www.youtube.com/watch?v=a8TfAUTXIN4,2020-11-25
16000000,3 years ago,The Most Disturbing Story You've NEVER Heard Of: GERALD BULLINGER | Missing Person & True Crime Case,https://www.youtube.com/watch?v=qzmgwqvo8cQ,2020-11-25
544000,3 years ago,CCTV Captured Their Final Moments Before They Vanished: 3 Unsolved Missing Persons Cases,https://www.youtube.com/watch?v=6D_ahpoF_r4,2020-11-25
51000000,3 years ago,"Man Mysteriously Dies, Then His Security Camera Reveals CHILLING Clues: JOHN LANG",https://www.youtube.com/watch?v=wsFBeetiYMs,2020-11-25
14000000,3 years ago,Solved Disappearances With Unexpected Twists: Solved Missing Persons Cases & True Crime Stories,https://www.youtube.com/watch?v=eTHtGhV4juA,2020-11-25
970000,3 years ago,The Case of Jodi Huisentruit: Disturbing Details Revealed | True Crime Story & Missing Persons Case,https://www.youtube.com/watch?v=lZBA-fNTZPg,2020-11-25
501000,3 years ago,The Disturbing Case of the Yuba County 5,https://www.youtube.com/watch?v=Q2FikyHrd7c,2020-11-25
14000000,3 years ago,Solved Disappearances With Unexpected Endings: 10 Solved Missing Persons Cases & True Crime Stories,https://www.youtube.com/watch?v=yr2_nZRb-v8,2020-11-25
327000,3 years ago,5 Strangest National Park Disappearances: True Stories of National Park Missing Persons Cases,https://www.youtube.com/watch?v=BDDqHBwZ25Y,2020-11-25
727000,3 years ago,Cold Case SOLVED After 26 Years: The True Story of Sherri Rasmussen | True Crime Solved Mystery,https://www.youtube.com/watch?v=MmrWasTSg-g,2020-11-25
34000000,3 years ago,The Case of Karlie Guse: Shocking Untold Details Revealed | True Crime Story & Missing Persons Case,https://www.youtube.com/watch?v=vSvVkGqD6m0,2020-11-25
17000000,3 years ago,Solved Disappearances With Unexpected Twists: Missing People Who Were FOUND | Missing Persons Cases,https://www.youtube.com/watch?v=HAexBQk2u68,2020-11-25
153000,3 years ago,The Skinwalker Ranch Story,https://www.youtube.com/watch?v=4oSDO1YRct4,2020-11-25
362000,3 years ago,The Case of Lori Vallow: Documents Reveal Shocking Details About Missing Children | True Crime Story,https://www.youtube.com/watch?v=eyHlTOHgk7k,2020-11-25
779000,3 years ago,Decades Old Cold Cases Finally SOLVED | 3 True Crime Stories of Mysteries & Missing Persons Cases,https://www.youtube.com/watch?v=x179KR5tjYw,2020-11-25
497000,3 years ago,3 Extremely Creepy Unsolved Mysteries Caught On Camera | 3 True Stories of Missing Persons Cases,https://www.youtube.com/watch?v=otJ2EKj4D1c,2020-11-25
238000,3 years ago,CoryxKenshin: The YouTube Star Who Disappeared,https://www.youtube.com/watch?v=U0a1bKq8r38,2020-11-25
310000,3 years ago,SecureTeam10 Arrested & VANISHES: What Happened?,https://www.youtube.com/watch?v=7PXUwvkqUpc,2020-11-25
539000,3 years ago,YouTubers Who Disappeared Under DISTURBING Circumstances,https://www.youtube.com/watch?v=ylxttlPhAv4,2020-11-25
279000,3 years ago,The FINAL Explore | Goodbye.,https://www.youtube.com/watch?v=kJhkizoaxbU,2020-11-25
121000,3 years ago,Kate Yup: Why Everyone Is PANICKING,https://www.youtube.com/watch?v=v_rM7SpqSNI,2020-11-25
468000,3 years ago,SOLVED: You Won't BELIEVE What Happened After She Called 911... SHOCKING Missing Persons Case SOLVED,https://www.youtube.com/watch?v=5TcjcClZsDY,2020-11-25
106000,3 years ago,Exploring the Loneliest Road in America: US Highway 50 Nevada | USA Travel Road Trip Adventure!,https://www.youtube.com/watch?v=4szO1HF-rHc,2020-11-25
153000,3 years ago,What happens when you leave a wifi camera in the forest,https://www.youtube.com/watch?v=hGLDV3Sncd4,2020-11-25
210000,3 years ago,Unexpected Discovery While Exploring In The Middle Of Nowhere Apocalypse Survival Bunker Shelter,https://www.youtube.com/watch?v=lnd81UsutY8,2020-11-25
490000,3 years ago,Creepy Man Ruins Our Road Trip To Abandoned Ghost Town In The Middle Of Nowhere Nevada,https://www.youtube.com/watch?v=ZXCDI7p6t3M,2020-11-25
306000,3 years ago,CRAZIEST ABANDONED CABIN WE HAVE EVER FOUND IN THE MIDDLE OF NOWHERE!,https://www.youtube.com/watch?v=6_7Fjk5qWu4,2020-11-25
11000000,3 years ago,You Won't BELIEVE Our Experience In A Polygamy Cult Town,https://www.youtube.com/watch?v=kJpuoITGiCU,2020-11-25
12000000,3 years ago,Missing Woman Called 911 In The Mountains & What Happened Next Is SHOCKING... Missing Persons Case,https://www.youtube.com/watch?v=OU88lgFQRLo,2020-11-25
339000,4 years ago,"79-Year-Old Man VANISHES, Then Somehow Ends Up 200 MILES AWAY... Missing Persons Case",https://www.youtube.com/watch?v=QnJNUz0p-FM,2019-11-26
554000,4 years ago,*WARNING* Don't Drive Here ALONE At NIGHT: The Scariest Highway in America | Missing Persons Case,https://www.youtube.com/watch?v=mtgY823lHEI,2019-11-26
122000,4 years ago,Were We Being Watched By Shadow People At The Worlds Most Haunted Washoe Club Virginia City Nevada,https://www.youtube.com/watch?v=MEEeepYSyFI,2019-11-26
125000,4 years ago,"Just A Boring Ghost Hunt, Don't Watch You Have Been Warned!",https://www.youtube.com/watch?v=UpeemRWBIIU,2019-11-26
1000000,4 years ago,Missing Teen's Car Found DEEP In The Woods: The Mysterious Disappearance of Daniel Gallardo,https://www.youtube.com/watch?v=bHn7zwzNaTY,2019-11-26
307000,4 years ago,DISTURBING FIND While Searching For A Missing Person | Investigating Unsolved Missing Persons Cases,https://www.youtube.com/watch?v=FJF5NF_BBbo,2019-11-26
360000,4 years ago,Strange Interaction With A Park Ranger While Searching For A Missing Person,https://www.youtube.com/watch?v=iFjr49GmtQU,2019-11-26
410000,4 years ago,The Dark & Disturbing Case of Jeff Kirkwood: Revisted,https://www.youtube.com/watch?v=e_-mGQhKAqE,2019-11-26
54000000,4 years ago,The Burning Man They DON'T Want YOU To See! (RARE FOOTAGE),https://www.youtube.com/watch?v=LtG8AioUipY,2019-11-26
451000,4 years ago,AREA 51 RAID: Someone ACTUALLY Stormed Area 51! Documenting The September 20th Storm In Nevada!,https://www.youtube.com/watch?v=vLCkyg4QZkY,2019-11-26
573000,4 years ago,AREA 51 RAID BEGINS: People Are ACTUALLY Showing Up At Area 51! DOCUMENTING THE SEPTEMBER 20TH STORM,https://www.youtube.com/watch?v=F_vKaES4yFQ,2019-11-26
229000,4 years ago,Area 51 Raid Sparks LEGAL ACTION! YouTubers FREED After Storming Area 51! September 20th Event NEWS!,https://www.youtube.com/watch?v=VUfhWljMRdU,2019-11-26
343000,4 years ago,YouTubers ARRESTED For Storming Area 51 & MAJOR Storm Area 51 Update: Alienstock Event ESCALATES!,https://www.youtube.com/watch?v=LTIEunVTbQs,2019-11-26
191000,4 years ago,WARNING: Storm Area 51 Is A SCAM!,https://www.youtube.com/watch?v=pd3tqbgUtFE,2019-11-26
354000,4 years ago,(SHE WANTED US GONE) Paranormal Investigation at the Haunted Washoe Club,https://www.youtube.com/watch?v=jwtm_6HZvCM,2019-11-26
514000,4 years ago,You Won't BELIEVE What We Found in the Middle of Nowhere | Exploring America's Creepiest Small Town,https://www.youtube.com/watch?v=nsprsIpg4yE,2019-11-26
264000,4 years ago,Dangerous Situation  At The Crystal Pit,https://www.youtube.com/watch?v=9g-tWMbGYCQ,2019-11-26
587000,4 years ago,UNEXPECTED Experience At The World's Darkest Town ** CREEPY **,https://www.youtube.com/watch?v=6RENoU_RQUI,2019-11-26
12000000,4 years ago,Finding A SURVIVAL Cabin In The Woods FULL OF STUFF | Adventure Road Trip To Off Grid Shelter,https://www.youtube.com/watch?v=owU1HQ0k19w,2019-11-26
191000,4 years ago,STORM AREA 51: Insane Encounters Caught On Camera (REACTING TO TOP 5 COMPILATION),https://www.youtube.com/watch?v=76GPhLTdeW0,2019-11-26
147000,4 years ago,EWU EXPOSED! How much does Explore With Us ACTUALLY make!?,https://www.youtube.com/watch?v=bs_twoCKaWQ,2019-11-26
258000,4 years ago,Area 51 EXPOSED: The DISTURBING Truth About the Top Secret Base | TRUE STORIES From Area 51 Workers,https://www.youtube.com/watch?v=5Xswdf58m_o,2019-11-26
49000000,4 years ago,STORM AREA 51: The First Raid Already Happened,https://www.youtube.com/watch?v=DSI8PiQD704,2019-11-26
16000000,4 years ago,STORM AREA 51: What They Aren't Telling You,https://www.youtube.com/watch?v=XgHBAWZPFC8,2019-11-26
393000,4 years ago,"100,000 People Are Going To STORM AREA 51 (INSANE)",https://www.youtube.com/watch?v=89fVCVZYLYs,2019-11-26
367000,4 years ago,EXTREME Hide & Seek Challenge At AREA 51,https://www.youtube.com/watch?v=AOvT-eo8KaM,2019-11-26
996000,4 years ago,ABANDONED Trucks Left Rusting For 50 YEARS! Could You RESTORE These? INCREDIBLE Car Junkyard!,https://www.youtube.com/watch?v=qYgQO2elXy4,2019-11-26
25000000,4 years ago,CREEPY ENCOUNTER While Searching For A Missing Person In The Woods: MISSING 411 National Park Case,https://www.youtube.com/watch?v=Bo7SQ082AFM,2019-11-26
170000,4 years ago,Surviving 24 Hours Straight In The Desert,https://www.youtube.com/watch?v=mdc4gb5n_FQ,2019-11-26
592000,4 years ago,Delivering An URGENT Message To AREA 51,https://www.youtube.com/watch?v=QkCBcZPb98o,2019-11-26
35000000,4 years ago,Spending 24 Hours At Area 51 (INSANE ENCOUNTER),https://www.youtube.com/watch?v=zGa-rgoNHOE,2019-11-26
16000000,4 years ago,Finding Something UNBELIEVABLE While Searching For A Missing Person,https://www.youtube.com/watch?v=zeAqRYXGAhU,2019-11-26
721000,4 years ago,The FREAKISHLY ODD UNSOLVED Disappearance of Nan Dixon: A True Story & Missing Persons Case,https://www.youtube.com/watch?v=qnoIu1eCBtE,2019-11-26
544000,4 years ago,We FOUND A Missing YouTuber: The Disturbing Disappearance of Paranormalana,https://www.youtube.com/watch?v=W_HJxgraOTY,2019-11-26
14000000,4 years ago,This YouTuber Searched For A Mysterious Cave & VANISHED,https://www.youtube.com/watch?v=BhMIxy7Aunw,2019-11-26
1000000,4 years ago,The SINISTER Truth Behind Why The Area 51 YouTubers VANISHED,https://www.youtube.com/watch?v=gWmSwxY-wkA,2019-11-26
25000000,4 years ago,SOLVED: The DISTURBING Case Of The Death Valley Germans | Missing 411 National Park Disappearance,https://www.youtube.com/watch?v=YJ2c9Mskf2s,2019-11-26
13000000,4 years ago,This YouTuber Disappeared Under DISTURBING Circumstances: The UNSOLVED Cold Case of a Missing Person,https://www.youtube.com/watch?v=h46kmBLd5co,2019-11-26
615000,4 years ago,We Never Expected THIS Reply From The Missing Area 51 YouTubers,https://www.youtube.com/watch?v=YvRbUUYdVgI,2019-11-26
308000,4 years ago,SCARY Paranormal Investigation At CREEPY Haunted Ghost Town (HUNTING FOR GHOSTS AT 3AM IN NEVADA),https://www.youtube.com/watch?v=UOAFI_TNsww,2019-11-26
414000,4 years ago,We Were WARNED This Ghost Town Is DANGEROUS: Exploring an Abandoned Town in the Arizona Mountains,https://www.youtube.com/watch?v=FYFN7jMKzNg,2019-11-26
358000,4 years ago,We Found NEVER BEFORE SEEN Footage Of Area 51,https://www.youtube.com/watch?v=AFu8WXDj93U,2019-11-26
780000,4 years ago,This Is The REAL Reason We Quit Livestreaming,https://www.youtube.com/watch?v=wFJkkttNNFo,2019-11-26
160000,4 years ago,Opening A $30 Demon In A Box From eBay (DYBBUK BOX),https://www.youtube.com/watch?v=MNBb3vhr2bY,2019-11-26
23000000,4 years ago,What Happens If You ACCIDENTALLY Enter Area 51?,https://www.youtube.com/watch?v=05IPC-GoYGc,2019-11-26
280000,4 years ago,"This Place Is SO Haunted, The NEWS Investigated And Left PANICKED: Paranormal Investigation",https://www.youtube.com/watch?v=4tO_Gkg5R4c,2019-11-26
291000,4 years ago,We Found A 150-Year-Old TIME CAPSULE Ghost Town Deep In The Desert,https://www.youtube.com/watch?v=AM_Ye5AQwf0,2019-11-26
14000000,4 years ago,These YouTubers Disappeared After Being Held At Area 51,https://www.youtube.com/watch?v=UGDM0m0wBko,2019-11-26
315000,4 years ago,We Found A SECRET HIDEOUT And What We Found Inside Was SHOCKING...,https://www.youtube.com/watch?v=KPbRmaOFkrc,2019-11-26
515000,4 years ago,UNSOLVED: The DISTURBING Case Of Nicolas Sonderegger | True Story of a Missing Person Cold Case,https://www.youtube.com/watch?v=0PXQ2OOWk4c,2019-11-26
385000,5 years ago,We Found A SECRET Underground Survival Tunnel System,https://www.youtube.com/watch?v=uZzNohuoMEM,2018-11-26
655000,5 years ago,We Found The SECRET Polygamy CULT TUNNELS...,https://www.youtube.com/watch?v=7AENdojzr9E,2018-11-26
442000,5 years ago,"We Explored ""New AREA 51"" & This Is What We Found...",https://www.youtube.com/watch?v=qY-kvGY3bGY,2018-11-26
130000,5 years ago,We Went Ghost Hunting In A HAUNTED Ghost Town...,https://www.youtube.com/watch?v=QCl3PEJCQ1c,2018-11-26
166000,5 years ago,"They VANISHED, But What Was Discovered In A Mineshaft Changed EVERYTHING...",https://www.youtube.com/watch?v=BB2eSy-AJqY,2018-11-26
679000,5 years ago,We Investigated SKINWALKER RANCH And This Is What We Found...,https://www.youtube.com/watch?v=YMkZVTegpaA,2018-11-26
1000000,5 years ago,We Explored A Polygamy CULT TOWN & This Was Our Experience...,https://www.youtube.com/watch?v=_Us6Qxou1jo,2018-11-26
16000000,5 years ago,"The Odor Was BAD, But What We Found Inside Was EVEN WORSE...",https://www.youtube.com/watch?v=K6cBvFybvrs,2018-11-26
652000,5 years ago,We Explored A Ghost Town In The Middle Of Nowhere & Found This...,https://www.youtube.com/watch?v=Gb4hzZoikis,2018-11-26
251000,5 years ago,I Didn't Expect To Find THIS While Exploring A MILITARY BASE...,https://www.youtube.com/watch?v=Hz9-7n7Lq2s,2018-11-26
921000,5 years ago,WARNING *DISTURBING* Wait Until You See What We Found In An Abandonded Compound...,https://www.youtube.com/watch?v=dqg8ofEKUG4,2018-11-26
947000,5 years ago,We Were Warned This Abandoned Border Compound Was Creepy...,https://www.youtube.com/watch?v=2J0uC6k6yMs,2018-11-26
940000,5 years ago,"We Found A Secret Fallout Shelter In An Abandoned Ghost Town, Wait Until You See What We Found!",https://www.youtube.com/watch?v=RQ7jO1CaikU,2018-11-26
824000,5 years ago,This YouTuber Disappeared Without A Trace While Searching For Something Bizarre...,https://www.youtube.com/watch?v=lg83h2PC_es,2018-11-26
548000,5 years ago,AREA 51 ABANDONED CAMO DUDE'S HOUSE?!,https://www.youtube.com/watch?v=AcAB3SJeC4Y,2018-11-26
28000000,5 years ago,We Found A Secret Door To A Secret Room And What We Found Inside Was Chilling...,https://www.youtube.com/watch?v=Bw5IO6NlK8A,2018-11-26
981000,5 years ago,You Won't BELIEVE What We Found Abandoned In The Middle Of Nowhere...,https://www.youtube.com/watch?v=wa33fpnruTM,2018-11-26
21000000,5 years ago,We Ran Into The Area 51 Camo Dudes And THIS Is How They Reacted!,https://www.youtube.com/watch?v=GkwdYFThz8o,2018-11-26
19000000,5 years ago,We Explored The CRAZIEST Abandoned Cliff House In The Middle Of Nowhere,https://www.youtube.com/watch?v=zS7Y9HeRfv0,2018-11-26
1000000,5 years ago,THEY EVEN ABANDONED THEIR CARS... Exploring Abandoned Houses & Cars Left in the Middle of Nowhere!,https://www.youtube.com/watch?v=kXXUQvOfoa4,2018-11-26
235000,5 years ago,"We Found A Haunted Abandoned ""MANSION"" In The Middle Of Nowhere...",https://www.youtube.com/watch?v=YtHG-z5tKck,2018-11-26
21000000,5 years ago,SECRET ABANDONED GHOST TOWN IN THE MIDDLE OF THE MOJAVE DESERT...,https://www.youtube.com/watch?v=dRl-Zl9qmAk,2018-11-26
191000,5 years ago,WE DIDN'T EXPECT ANYTHING WOULD BE INSIDE ... BUT WE WERE WRONG!!,https://www.youtube.com/watch?v=jVEmGinvqKk,2018-11-26
793000,5 years ago,THIS WAS A CRIME SCENE... **TRUE STORY IN THE MOJAVE ABANDONED CABINS**,https://www.youtube.com/watch?v=rXzrmPh_OFM,2018-11-26
128000,5 years ago,WE THOUGHT THIS WAS A POTATO ... IS IT?  **ABANDONED IN THE MIDDLE OF NOWHERE**,https://www.youtube.com/watch?v=4RaXIGChUJ0,2018-11-26
508000,5 years ago,"I HATE VANDALS, BUT THIS IS INSANE! Abandoned in the middle of nowhere...",https://www.youtube.com/watch?v=UpZiXA2Hu6c,2018-11-26
14000000,5 years ago,FOUND HUMAN REMAINS WHILE EXPLORING IN THE MIDDLE OF NOWHERE...,https://www.youtube.com/watch?v=UFl9YvXcdco,2018-11-26
30000,5 years ago,DON'T BUY THIS CAMERA FOR EXPLORING!,https://www.youtube.com/watch?v=OcPD7OtMK3M,2018-11-26
209000,5 years ago,WE GOT INSIDE!!,https://www.youtube.com/watch?v=cF1-RPTyKVI,2018-11-26
802000,5 years ago,WE DIDN'T EXPECT THIS...,https://www.youtube.com/watch?v=S1O2SCgWPpE,2018-11-26
18000000,5 years ago,IS THIS REALLY ABANDONED?,https://www.youtube.com/watch?v=eMV8VTkM0S0,2018-11-26
200000,5 years ago,SNEAKING INTO ABANDONED WATERPARK ON HOVERBOARDS!,https://www.youtube.com/watch?v=fKOZi4YpZAM,2018-11-26
570000,5 years ago,WHAT HAPPENED TO TYLER STICE? Mysteriously disappeared into the woods without a trace...,https://www.youtube.com/watch?v=q7ROkvQyDCM,2018-11-26
312000,5 years ago,"WAIT UNTIL YOU SEE WHAT WE FOUND IN THIS ""SHALLOW GRAVE"" April Pitzer search part 3",https://www.youtube.com/watch?v=rdNImXpzjvY,2018-11-26
235000,5 years ago,A SHALLOW GRAVE?? The April Pitzer search continues: Part 2 of our missing persons real life mystery,https://www.youtube.com/watch?v=B7Xf9CW9iWY,2018-11-26
948000,5 years ago,"They Discovered Who She REALLY Was, And Then She VANISHED On Her Way Home...",https://www.youtube.com/watch?v=BiHPGRkkBqg,2018-11-26
124000,6 years ago,ABANDONED TRAILER IN THE MIDDLE OF NOWHERE!!! Exploring the remote deserts of Nevada.,https://www.youtube.com/watch?v=SJQXttUm26Y,2017-11-26
452000,6 years ago,NEVER REVEALED BEFORE! AREA 51 WORKERS EXPOSED EXITING THE INFAMOUS WHITE BUS! UN-BLURRED HOVERBOARD,https://www.youtube.com/watch?v=ITeFCCjEI6w,2017-11-26
273000,6 years ago,Can 500 Glow Sticks Light Up A Mine Shaft?,https://www.youtube.com/watch?v=eZZeLCzvhIM,2017-11-26
142000,6 years ago,WHAT'S IN THE JAR?? TREASURE REVEAL!!,https://www.youtube.com/watch?v=7P5xlO0IH4Y,2017-11-26
473000,6 years ago,We Didn't Expect To Find THIS Abandoned In The Middle Of Nowhere...,https://www.youtube.com/watch?v=cTYPnXXcYp4,2017-11-26
491000,6 years ago,We Found HIDDEN TREASURE Inside A Secret Trapdoor...,https://www.youtube.com/watch?v=rQXIDtXmJZY,2017-11-26
448000,6 years ago,HE WAS WATCHING US!! Exploring Ghost Towns In Nevada,https://www.youtube.com/watch?v=wjoPznSLFa0,2017-11-26
226000,6 years ago,IS SOMEONE HIDING HERE?? üò±üò± Exploring Disturbing Abandoned Trailer Follow Up Video,https://www.youtube.com/watch?v=Mxi-UoSGFCM,2017-11-26
808000,6 years ago,WHY WOULD THEY LEAVE THIS HERE?? Exploring Abandoned Ghost Towns Near AREA 51,https://www.youtube.com/watch?v=cW8WI2UXoO0,2017-11-26
611000,6 years ago,We Couldn't Believe What We Found Inside...,https://www.youtube.com/watch?v=UQ7y43rUjyo,2017-11-26
12000000,6 years ago,AREA 51 MASSIVE CREEPY TUNNEL!! PART 2,https://www.youtube.com/watch?v=XrmyBwMlx1Y,2017-11-26
35000000,6 years ago,AREA 51 MASSIVE CREEPY TUNNEL!!,https://www.youtube.com/watch?v=ehW8MGXjPYw,2017-11-26
145000,6 years ago,WHAT'S HIDING IN THE WALL?? Abandoned Ghost Towns And Cabins,https://www.youtube.com/watch?v=V8y__o-VuWs,2017-11-26
27000000,6 years ago,We Weren't Expecting THIS At AREA 51... We HAD TO FOLLOW!,https://www.youtube.com/watch?v=GDXve6jAGX8,2017-11-26
181000,6 years ago,AREA 51 MASSIVE CREEPY ABANDONED TUNNEL,https://www.youtube.com/watch?v=xyl__6aWW2s,2017-11-26
343000,6 years ago,"AREA 51 STRANGE SILVER POD, CREEPY TUNNELS, CAMO DUDES (CAMO GOONS) PART 3,",https://www.youtube.com/watch?v=dWdYVECLIAs,2017-11-26
785000,6 years ago,AREA 51 CREEPY SECRET TUNNEL (HAUNTED?)!! PART 2,https://www.youtube.com/watch?v=mLcCD5hw_l4,2017-11-26
427000,6 years ago,AREA 51: We Explored A Mysterious ABANDONED COMPOUND...,https://www.youtube.com/watch?v=4X9YAJZY_sA,2017-11-26
142000,6 years ago,I FOUND IT!! Exploring Abandoned Building and Ghost Town.,https://www.youtube.com/watch?v=YEY50-LJWZY,2017-11-26
63000,6 years ago,BE AWARE OF TICKS!! ‚òëÔ∏è,https://www.youtube.com/watch?v=B8fhlYt6VwA,2017-11-26
433000,6 years ago,"This Cabin Was ABANDONED & UNTOUCHED For SO LONG, We Had To BUILD A ROAD!",https://www.youtube.com/watch?v=OHyPPEzNrD0,2017-11-26
11000000,6 years ago,JEFF KIRKWOOD STORY PART 2: WHAT HAPPENED TO JEFF (JOURNAL REVEALED)!!,https://www.youtube.com/watch?v=JUgTNUSHpAo,2017-11-26
11000000,6 years ago,IT FINALLY HAPPENED!!!,https://www.youtube.com/watch?v=5gR9qGBRsIE,2017-11-26
237000,6 years ago,IT'S CRAZY DANGEROUS!!,https://www.youtube.com/watch?v=QEjO3kah2qY,2017-11-26
22000000,6 years ago,CRAZIEST ABANDONED HOUSE EVER!!,https://www.youtube.com/watch?v=OSRNIDh9hpc,2017-11-26
80000,6 years ago,HOW DID THESE GET HERE??,https://www.youtube.com/watch?v=d_XtGJ6Ngs0,2017-11-26
205000,6 years ago,WHAT'S IN THE SAFE??,https://www.youtube.com/watch?v=KuatfL6QpWI,2017-11-26
14000000,6 years ago,A TRUE STORY: SOMETHING BAD HAPPENED HERE...,https://www.youtube.com/watch?v=JaNU8ldOtAM,2017-11-26
210000,6 years ago,I DON'T KNOW WHAT HAPPENED HERE...,https://www.youtube.com/watch?v=7hJ4dErpPw4,2017-11-26
129000,6 years ago,"THE PRESIDENT WANTED TO BUY THIS FOR $1,000,000 (HOOVER) IN 1936",https://www.youtube.com/watch?v=wPrTLTDj-b4,2017-11-26
506000,6 years ago,WHY ARE THESE IN THE CREEK BED?,https://www.youtube.com/watch?v=xAgDvb6RmS4,2017-11-26
964000,6 years ago,I Can't Believe What We Found Hidden Behind This Fence ABANDONED In The MIDDLE OF NOWHERE,https://www.youtube.com/watch?v=7cmW5HiSBdg,2017-11-26
35000,6 years ago,EXPLORING ABANDONED TUNNEL,https://www.youtube.com/watch?v=LoxMCwg9rXg,2017-11-26
159000,6 years ago,We Got Lost & Found THIS Abandoned In The Middle Of Nowhere...,https://www.youtube.com/watch?v=b3OFunc9dYs,2017-11-26
207000,6 years ago,Why Is This ABANDONED Town In The Middle Of Nowhere?,https://www.youtube.com/watch?v=0kDLzAuJVHQ,2017-11-26
207000,6 years ago,LET'S SEE WHAT'S INSIDE!!,https://www.youtube.com/watch?v=BOnjZjrvZS0,2017-11-26
18000000,6 years ago,We Found Something UNEXPECTED Inside This Abandoned Mine...,https://www.youtube.com/watch?v=sr72hc5INYQ,2017-11-26
14000000,6 years ago,ABANDONED Building There Is Something Super Cute Hiding And Watching Us Explore...,https://www.youtube.com/watch?v=Xpym7Q2awrs,2017-11-26
24000000,6 years ago,CRAZY ENCOUNTER AT AREA 51!!,https://www.youtube.com/watch?v=n64M6jiWL94,2017-11-26
58000000,6 years ago,WARNING *DISTURBING* Wait Until YOU See What I Found In an Abandoned Building In Middle Of Nowhere,https://www.youtube.com/watch?v=eitcSnJ5Zt4,2017-11-26
102000,6 years ago,*WARNING: Disturbing* ABANDONED DEAD Cow Ranch With Slaughterhouse?,https://www.youtube.com/watch?v=prPvVmdgmE4,2017-11-26
145000,6 years ago,ABANDONED Haunted Horton Mine Buildings Captured CREEPY NOISES Nevada Gold And Silver Mines,https://www.youtube.com/watch?v=x9sehqj6TLg,2017-11-26
973000,6 years ago,ABANDONED Haunted Horton Mine Tunnel CREEPY Sounds Captured Inside,https://www.youtube.com/watch?v=ifqLT36pQpM,2017-11-26
59000,6 years ago,EXPLORING ABANDONED Drive-In Movie Theater,https://www.youtube.com/watch?v=ScAOw1BJ7ew,2017-11-26
14000000,7 years ago,ABANDONED CREEPY CABIN IN THE WOODS Full Of Stuff,https://www.youtube.com/watch?v=PFxvi-LzEbc,2016-11-26
325000,7 years ago,A REAL GHOST TOWN!!,https://www.youtube.com/watch?v=OaYzDoMhQ_M,2016-11-26
67000,7 years ago,ABANDONED Cabin In The Middle Of Nowhere,https://www.youtube.com/watch?v=lbD0f7Fq_nk,2016-11-26
54000000,7 years ago,Abandoned Ghost Town In Perfect Condition & Clock STILL TICKING!,https://www.youtube.com/watch?v=rL-KUjjw7uQ,2016-11-26
64000,7 years ago,Finding Something STRANGE in a Tree in the Middle Of Nowhere...,https://www.youtube.com/watch?v=Co__m2nYXFQ,2016-11-26
822000,7 years ago,Why Is This BURIED Out Here? ABANDONED And BURIED In The Middle Of Nowhere Nevada,https://www.youtube.com/watch?v=Nbe3eizLSTA,2016-11-26
194000,7 years ago,ABANDONED CREEPY Mine Tunnel In The Middle Of Nowhere,https://www.youtube.com/watch?v=0__sFsIuIr4,2016-11-26
80000,7 years ago,ABANDONED Ghost Town And Mine Tunnels,https://www.youtube.com/watch?v=3SQKigMNAEU,2016-11-26
14000000,7 years ago,I Can't Believe ALL OF THIS Was Left ABANDONED In The MIDDLE OF NOWHERE...,https://www.youtube.com/watch?v=RZy54Yg8Phs,2016-11-26
297000,7 years ago,WHAT'S INSIDE? ABANDONED Hills Have Eyes Cabin in the Middle of the Desert,https://www.youtube.com/watch?v=YsvTJArl1Sw,2016-11-26
59000,7 years ago,ABANDONED Cabin On Top Of A Mountain | Found EXPLOSIVES TRUCK & Secret Mine Tunnel,https://www.youtube.com/watch?v=wiycyBInjXo,2016-11-26
56000,7 years ago,Exploring ABANDONED Vehicles In The Middle Of Nowhere | What Do You Think Happened?,https://www.youtube.com/watch?v=RxmkmVBdQis,2016-11-26
10000000,7 years ago,WARNING *DISTURBING* Wait Until You See What I Found In This Remote ABANDONED Trailer,https://www.youtube.com/watch?v=Ae0xT6DLdPU,2016-11-26
20000,7 years ago,A Look Inside An ABANDONED Home In The Middle Of Nowhere,https://www.youtube.com/watch?v=1rojQMYl6F4,2016-11-26
13000000,7 years ago,We Found A SURVIVAL Cabin FULL OF STUFF In The Middle Of Nowhere...,https://www.youtube.com/watch?v=2DGIwQEsEqY,2016-11-26
703000,7 years ago,What The Heck Did I Find In This ABANDONED Nevada Gold & Silver Mine Tunnel? Is It A Bat Or A Bird?,https://www.youtube.com/watch?v=_Fr7JhN2MZI,2016-11-26
276000,7 years ago,Something Is Alive In This Abandoned Trailer!,https://www.youtube.com/watch?v=wbg4CMeFNH4,2016-11-26
476000,7 years ago,DID THE OWNER DIE HERE? Where Did He Go? Why Did He Leave His RV WAY OUT HERE The Middle Of Nowhere,https://www.youtube.com/watch?v=9Keuq1YZ3MQ,2016-11-26
127000,7 years ago,What Happened To The Residents? Why Did They Leave All Their Stuff Here?,https://www.youtube.com/watch?v=7mzczLoXe08,2016-11-26
602000,7 years ago,ABANDONED SHACK OF HELL Found CREEPY Stuff Inside,https://www.youtube.com/watch?v=zwZhhuTvBvg,2016-11-26
155000,7 years ago,WE GOT INSIDE! ABANDONED M247 SGT York Military Tank In The Middle Of Nowhere,https://www.youtube.com/watch?v=c05wKVlBrsc,2016-11-26
1000000,7 years ago,Why Is This ABANDONED FAKE MYSTERY MIDDLE EASTERN TOWN In The Middle Of Nowhere?,https://www.youtube.com/watch?v=hxdyAoyLpt0,2016-11-26
600000,7 years ago,WE GOT INSIDE! Abandoned Military M551 Light Armor Tank In The Middle Of Nowhere,https://www.youtube.com/watch?v=keS7REExVUc,2016-11-26
48000000,7 years ago,DEAD BODY SCARE While Exploring ABANDONED Military Vehicles Nevada,https://www.youtube.com/watch?v=QP18xjmODU4,2016-11-26
108000,7 years ago,ABANDONED Burned Out (MURDER?) Vehicle & Abandoned Tank Urban Exploration Adventure In Nevada,https://www.youtube.com/watch?v=TzNRJwj8h2s,2016-11-26
194000,7 years ago,Found Some Interesting Stuff In ABANDONED House In The Middle Of Nowhere | Found Abandoned Military,https://www.youtube.com/watch?v=Q9JptMCqado,2016-11-26
355000,7 years ago,STRANGEST FIND YET!,https://www.youtube.com/watch?v=6MmNqtwvY9I,2016-11-26
241000,7 years ago,ABANDONED 1800s Mystery Ghost Town & Mystery Grave Site Search Exploration & Urban Exploration,https://www.youtube.com/watch?v=Fo7JTHKVwEM,2016-11-26
50000,7 years ago,ABANDONED Ranch House In The Middle Of Nowhere Nevada,https://www.youtube.com/watch?v=V0VNlyuMJBM,2016-11-26
112000,7 years ago,Found Something SUPER CUTE When Searching For Missing Nan Dixon,https://www.youtube.com/watch?v=QQl9qoBTSro,2016-11-26
14000,7 years ago,ABANDONED TANK Left Rotting in the Desert Frozen in Time,https://www.youtube.com/watch?v=Uo-aebC6Pt4,2016-11-26
3000000,7 years ago,I Can't Believe What I Found Inside This Old ABANDONED CREEPY Trailer Like Fallout 4 (URBEX),https://www.youtube.com/watch?v=HuC9q1WhXmA,2016-11-26
115000,7 years ago,GHOST TOWN Helena California Abandoned 1850's Town,https://www.youtube.com/watch?v=kT3xJkbHES4,2016-11-26
20000,7 years ago,You Won't Believe How Deep This Mine Shaft Is!,https://www.youtube.com/watch?v=miHIBjKMOdc,2016-11-26
164000,7 years ago,ABANDONED Town: The Search For Missing Nan Dixon | PART 3,https://www.youtube.com/watch?v=usOqtwDYnHw,2016-11-26
191000,7 years ago,HAUNTED ABANDONED GHOST TOWN: Nan Dixon Vanished Without a Trace On Her Way to Tunnel Camp | PART 2,https://www.youtube.com/watch?v=QTPZxN9yCHY,2016-11-26
550000,7 years ago,ABANDONED Town: Site of Murders & Serial Killer Dumping Grounds? | PART 1,https://www.youtube.com/watch?v=cOSXg4mZij8,2016-11-26
59000,7 years ago,ABANDONED Ghost Town Laboratory Full Of Dangerous Chemicals Leaking,https://www.youtube.com/watch?v=spaA4HpYoiA,2016-11-26
36000,7 years ago,IT'S ABANDONED,https://www.youtube.com/watch?v=L41Od1ND41I,2016-11-26
98000,7 years ago,ABANDONED CATHOUSE Full The Girls Left It ALL Behind Panties,https://www.youtube.com/watch?v=TYGtyNS_S70,2016-11-26
733000,7 years ago,ABANDONED BROTHEL FULL OF STUFF | They Seriously Left Everything Behind,https://www.youtube.com/watch?v=bCSfnIsx3x4,2016-11-26
57000,7 years ago,ABANDONED NEVADA BROTHEL Full Of Stuff | The Girls Left Without Taking Anything With Themüë†üçí,https://www.youtube.com/watch?v=zJnvDqCa6cQ,2016-11-26
45000,7 years ago,FOUND STRANGE Things In This Abandoned Brothel In Nevada Full Of Stuff | They Left Everything Behind,https://www.youtube.com/watch?v=I8Q3XVtBrQ4,2016-11-26
17000,7 years ago,Everything Was Left Behind In This CREEPY GHOST TOWN Cobweb Covered Control Room,https://www.youtube.com/watch?v=YSw46-5TCYE,2016-11-26
54000,7 years ago,Wait Until You See What We Found In This ABANDONED Cathouse Everything Left Behind,https://www.youtube.com/watch?v=tk8moQ1BW10,2016-11-26
116000,7 years ago,ABANDONED GHOST TOWN (Found Hidden Vault / Safe),https://www.youtube.com/watch?v=GH0X6nbZ_ew,2016-11-26
14000,8 years ago,ABANDONED House with Vintage Appliances | PART 6,https://www.youtube.com/watch?v=DKQwP3K9XRA,2015-11-27
17000,8 years ago,ABANDONED House | Cracking Open the Fridges | PART 5,https://www.youtube.com/watch?v=sC6kEnQ1UqA,2015-11-27
63000,8 years ago,ABANDONED Real Life The Walking Dead Ghost Town Full Of Stuff,https://www.youtube.com/watch?v=8lsiiKoC-IM,2015-11-27
150000,8 years ago,ABANDONED House FULL OF STUFF Like They Just Left Everything Behind | PART 3,https://www.youtube.com/watch?v=OJsRbngDV6I,2015-11-27
104000,8 years ago,Creepy Abandoned Cathouse With Bar And Full Of Stuff,https://www.youtube.com/watch?v=UbgnZugdmM8,2015-11-27
33000,8 years ago,ABANDONED Ghost Town You Won't Believe This Bathroom!,https://www.youtube.com/watch?v=gZvpqKcUq4s,2015-11-27
59000,8 years ago,ABANDONED Swimming Pool & Playground in the Middle of Nowhere | PART 1,https://www.youtube.com/watch?v=3Z8_9ed5INg,2015-11-27
624000,8 years ago,ABANDONED Time Capsule UNTOUCHED For 10 Years | 1800's GHOST TOWN,https://www.youtube.com/watch?v=gPP2UtGra8M,2015-11-27
20000,8 years ago,LIMBLESS DUMMY and Other Strange Finds in an ABANDONED BROTHEL,https://www.youtube.com/watch?v=qfoWidtcHi4,2015-11-27
61000,8 years ago,"ABANDONED Building In The Middle Of Nowhere Nevada, FOUND Mining Operation,",https://www.youtube.com/watch?v=y-LzJVesuAo,2015-11-27
60000,8 years ago,ABANDONED Ghost Town Near Area 51,https://www.youtube.com/watch?v=FT74jfQxIBE,2015-11-27
331000,8 years ago,ABANDONED CREEPY Ranch and Trailer | Smell of Death in the Air,https://www.youtube.com/watch?v=WArwqmkQICI,2015-11-27
13000,8 years ago,Rattlesnake In The Nevada Wild,https://www.youtube.com/watch?v=RicEq8EHWhQ,2015-11-27
12000,8 years ago,Rattlesnake In The Nevada Wild Part 2,https://www.youtube.com/watch?v=5OfKrwx6KqE,2015-11-27
322000,8 years ago,CREEPY Abandoned Ghost Town In PERFECT CONDITION | Found Bar But Not A Single Person To Be Seen,https://www.youtube.com/watch?v=XMoNvdFVV9k,2015-11-27
48000,8 years ago,ABANDONED Ghost Town Of Ellsworth Nevada (FOUND LAST RESIDENTS GRAVE),https://www.youtube.com/watch?v=hb50BB65Ask,2015-11-27
11000,8 years ago,Just A Coyote In The Wild - Ever See A Coyote In The Wild?,https://www.youtube.com/watch?v=hvwLNTbohOs,2015-11-27
109000,8 years ago,THIS PLACE IS CREEPY,https://www.youtube.com/watch?v=75RTQ7bPoL8,2015-11-27
652000,8 years ago,ABANDONED CREEPY GHOST TOWN Full Of Stuff In The Middle Of Nowhere,https://www.youtube.com/watch?v=zqYzHK_tccU,2015-11-27
